customer_id,name,email,city,signup_date
1,Budi Santoso,user1@example.com,Yogyakarta,2022-05-17
2,Rina Putri,user2@example.com,Batam,2024-10-17
3,Nina Wijaya,user3@example.com,Palembang,2023-05-15
4,Andi Santoso,user4@example.com,Batam,2022-03-24
5,Rina Sari,user5@example.com,Palembang,2021-02-24
6,Nina Pratama,user6@example.com,Denpasar,2023-05-10
7,Rina Kurniawan,user7@example.com,Palembang,2022-07-24
8,Andi Putri,user8@example.com,Makassar,2022-11-28
9,Dewi Putri,user9@example.com,Surabaya,2025-04-13
10,Agus Wijaya,user10@example.com,Batam,2023-02-18
11,Budi Lestari,user11@example.com,Medan,2024-05-21
12,Dewi Santoso,user12@example.com,Semarang,2024-01-04
13,Budi Hidayat,user13@example.com,Batam,2024-02-05
14,Dewi Nugroho,user14@example.com,Medan,2024-03-28
15,Rina Wijaya,user15@example.com,Jakarta,2024-09-16
16,Rina Saputra,user16@example.com,Batam,2025-10-18
17,Rina Wijaya,user17@example.com,Makassar,2022-07-24
18,Rizky Lestari,user18@example.com,Bandung,2023-01-29
19,Agus Pratama,user19@example.com,Yogyakarta,2024-12-08
20,Budi Nugroho,user20@example.com,Bandung,2023-12-30
21,Rina Putri,user21@example.com,Semarang,2023-02-17
22,Dewi Sari,user22@example.com,Surabaya,2024-11-03
23,Agus Santoso,user23@example.com,Surabaya,2025-08-11
24,Andi Lestari,user24@example.com,Makassar,2022-07-03
25,Budi Pratama,user25@example.com,Palembang,2025-11-30
26,Agus Pratama,user26@example.com,Semarang,2023-03-22
27,Rizky Putri,user27@example.com,Yogyakarta,2021-10-13
28,Rina Sari,user28@example.com,Denpasar,2022-06-23
29,Fajar Hidayat,user29@example.com,Palembang,2023-03-29
30,Agus Pratama,user30@example.com,Bandung,2023-11-10
31,Rizky Wijaya,user31@example.com,Jakarta,2025-10-30
32,Budi Putri,user32@example.com,Bandung,2025-06-11
33,Maya Nugroho,user33@example.com,Batam,2023-02-28
34,Maya Nugroho,user34@example.com,Semarang,2023-12-20
35,Dewi Sari,user35@example.com,Jakarta,2024-10-25
36,Budi Sari,user36@example.com,Yogyakarta,2025-04-24
37,Agus Wijaya,user37@example.com,Yogyakarta,2023-06-10
38,Siti Kurniawan,user38@example.com,Jakarta,2025-01-18
39,Dewi Sari,user39@example.com,Bandung,2023-11-06
40,Budi Saputra,user40@example.com,Denpasar,2024-06-01
41,Rina Putri,user41@example.com,Medan,2025-04-11
42,Siti Sari,user42@example.com,Denpasar,2021-01-02
43,Fajar Lestari,user43@example.com,Semarang,2021-02-09
44,Budi Lestari,user44@example.com,Yogyakarta,2022-05-06
45,Andi Pratama,user45@example.com,Palembang,2021-06-11
46,Budi Kurniawan,user46@example.com,Batam,2025-04-07
47,Nina Putri,user47@example.com,Bandung,2024-09-13
48,Rizky Sari,user48@example.com,Bandung,2022-06-27
49,Nina Nugroho,user49@example.com,Makassar,2022-03-10
50,Nina Pratama,user50@example.com,Yogyakarta,2023-03-29
51,Agus Kurniawan,user51@example.com,Denpasar,2023-07-14
52,Budi Pratama,user52@example.com,Surabaya,2021-05-12
53,Agus Santoso,user53@example.com,Palembang,2024-02-09
54,Rina Nugroho,user54@example.com,Surabaya,2021-01-15
55,Budi Santoso,user55@example.com,Surabaya,2021-05-19
56,Andi Lestari,user56@example.com,Batam,2023-11-19
57,Rina Saputra,user57@example.com,Semarang,2022-03-15
58,Nina Putri,user58@example.com,Palembang,2024-03-26
59,Rizky Pratama,user59@example.com,Semarang,2025-07-12
60,Maya Pratama,user60@example.com,Batam,2021-07-18
61,Maya Lestari,user61@example.com,Makassar,2023-04-22
62,Rizky Santoso,user62@example.com,Batam,2021-05-05
63,Maya Lestari,user63@example.com,Batam,2022-05-25
64,Rina Pratama,user64@example.com,Denpasar,2023-07-08
65,Siti Hidayat,user65@example.com,Bandung,2022-07-25
66,Rizky Pratama,user66@example.com,Batam,2023-06-27
67,Nina Wijaya,user67@example.com,Jakarta,2024-08-28
68,Nina Santoso,user68@example.com,Batam,2025-03-24
69,Rina Putri,user69@example.com,Makassar,2023-09-22
70,Rizky Pratama,user70@example.com,Makassar,2021-05-01
71,Siti Hidayat,user71@example.com,Jakarta,2023-03-11
72,Dewi Kurniawan,user72@example.com,Yogyakarta,2023-05-17
73,Nina Kurniawan,user73@example.com,Bandung,2022-01-24
74,Dewi Pratama,user74@example.com,Jakarta,2024-04-01
75,Nina Santoso,user75@example.com,Medan,2021-04-28
76,Andi Nugroho,user76@example.com,Semarang,2023-10-27
77,Nina Putri,user77@example.com,Jakarta,2023-11-07
78,Budi Putri,user78@example.com,Batam,2024-05-03
79,Budi Pratama,user79@example.com,Makassar,2021-09-03
80,Fajar Pratama,user80@example.com,Palembang,2024-05-02
81,Andi Nugroho,user81@example.com,Batam,2023-05-09
82,Fajar Nugroho,user82@example.com,Denpasar,2022-10-10
83,Dewi Pratama,user83@example.com,Medan,2022-05-04
84,Dewi Hidayat,user84@example.com,Bandung,2024-10-07
85,Dewi Kurniawan,user85@example.com,Medan,2025-03-20
86,Budi Santoso,user86@example.com,Semarang,2024-06-26
87,Fajar Wijaya,user87@example.com,Batam,2024-01-07
88,Rina Sari,user88@example.com,Yogyakarta,2021-09-29
89,Agus Wijaya,user89@example.com,Surabaya,2023-01-27
90,Dewi Putri,user90@example.com,Semarang,2025-09-04
91,Nina Saputra,user91@example.com,Palembang,2025-07-11
92,Nina Santoso,user92@example.com,Denpasar,2022-09-06
93,Budi Putri,user93@example.com,Yogyakarta,2021-08-25
94,Budi Sari,user94@example.com,Bandung,2022-07-12
95,Dewi Nugroho,user95@example.com,Surabaya,2025-01-09
96,Agus Pratama,user96@example.com,Yogyakarta,2023-11-02
97,Rizky Saputra,user97@example.com,Jakarta,2021-07-09
98,Maya Saputra,user98@example.com,Jakarta,2021-01-08
99,Agus Putri,user99@example.com,Yogyakarta,2021-11-27
100,Rizky Sari,user100@example.com,Makassar,2024-02-23
101,Andi Wijaya,user101@example.com,Batam,2024-11-16
102,Siti Sari,user102@example.com,Jakarta,2025-09-06
103,Agus Nugroho,user103@example.com,Denpasar,2021-10-31
104,Maya Putri,user104@example.com,Jakarta,2022-09-24
105,Agus Santoso,user105@example.com,Medan,2022-03-07
106,Rina Wijaya,user106@example.com,Medan,2025-05-17
107,Nina Hidayat,user107@example.com,Palembang,2025-03-15
108,Siti Pratama,user108@example.com,Bandung,2025-06-27
109,Siti Hidayat,user109@example.com,Jakarta,2022-01-03
110,Agus Hidayat,user110@example.com,Surabaya,2022-07-01
111,Siti Wijaya,user111@example.com,Makassar,2025-11-22
112,Andi Kurniawan,user112@example.com,Surabaya,2022-02-13
113,Rizky Lestari,user113@example.com,Yogyakarta,2025-08-08
114,Rina Pratama,user114@example.com,Jakarta,2024-09-13
115,Rina Hidayat,user115@example.com,Medan,2022-07-25
116,Budi Saputra,user116@example.com,Medan,2024-08-06
117,Nina Hidayat,user117@example.com,Denpasar,2022-11-10
118,Andi Wijaya,user118@example.com,Yogyakarta,2022-01-01
119,Fajar Saputra,user119@example.com,Jakarta,2021-08-11
120,Fajar Hidayat,user120@example.com,Medan,2025-02-01
121,Agus Hidayat,user121@example.com,Palembang,2023-11-14
122,Budi Hidayat,user122@example.com,Palembang,2022-01-25
123,Dewi Santoso,user123@example.com,Makassar,2021-01-04
124,Nina Sari,user124@example.com,Surabaya,2023-01-16
125,Maya Wijaya,user125@example.com,Medan,2024-06-30
126,Agus Wijaya,user126@example.com,Yogyakarta,2023-11-05
127,Dewi Hidayat,user127@example.com,Medan,2023-04-05
128,Dewi Sari,user128@example.com,Bandung,2022-01-28
129,Maya Hidayat,user129@example.com,Bandung,2024-06-14
130,Fajar Saputra,user130@example.com,Makassar,2024-01-28
131,Andi Saputra,user131@example.com,Yogyakarta,2022-03-07
132,Maya Nugroho,user132@example.com,Palembang,2024-09-02
133,Agus Kurniawan,user133@example.com,Semarang,2023-06-25
134,Rina Sari,user134@example.com,Semarang,2025-06-14
135,Siti Wijaya,user135@example.com,Yogyakarta,2023-11-22
136,Fajar Lestari,user136@example.com,Batam,2025-08-04
137,Rina Saputra,user137@example.com,Surabaya,2025-07-10
138,Rina Putri,user138@example.com,Jakarta,2021-04-05
139,Rina Kurniawan,user139@example.com,Palembang,2025-10-07
140,Budi Kurniawan,user140@example.com,Makassar,2024-07-13
141,Fajar Pratama,user141@example.com,Makassar,2023-10-10
142,Maya Pratama,user142@example.com,Bandung,2024-09-05
143,Andi Wijaya,user143@example.com,Makassar,2022-03-25
144,Siti Sari,user144@example.com,Semarang,2021-04-13
145,Nina Pratama,user145@example.com,Batam,2023-07-24
146,Siti Kurniawan,user146@example.com,Denpasar,2024-02-19
147,Fajar Lestari,user147@example.com,Semarang,2024-06-08
148,Nina Hidayat,user148@example.com,Denpasar,2023-07-03
149,Siti Kurniawan,user149@example.com,Semarang,2022-06-15
150,Rina Saputra,user150@example.com,Denpasar,2023-09-20
151,Rina Saputra,user151@example.com,Semarang,2021-06-08
152,Dewi Pratama,user152@example.com,Yogyakarta,2022-11-19
153,Agus Sari,user153@example.com,Batam,2021-10-11
154,Siti Pratama,user154@example.com,Makassar,2024-11-22
155,Siti Pratama,user155@example.com,Batam,2023-04-30
156,Maya Lestari,user156@example.com,Denpasar,2023-08-13
157,Maya Santoso,user157@example.com,Surabaya,2025-09-02
158,Maya Hidayat,user158@example.com,Palembang,2024-11-25
159,Andi Nugroho,user159@example.com,Makassar,2023-09-04
160,Andi Lestari,user160@example.com,Yogyakarta,2025-03-24
161,Maya Hidayat,user161@example.com,Denpasar,2025-03-11
162,Nina Nugroho,user162@example.com,Surabaya,2023-09-27
163,Rina Saputra,user163@example.com,Makassar,2023-09-22
164,Andi Hidayat,user164@example.com,Medan,2024-10-01
165,Maya Putri,user165@example.com,Semarang,2021-09-19
166,Fajar Sari,user166@example.com,Jakarta,2023-03-18
167,Fajar Nugroho,user167@example.com,Jakarta,2021-06-21
168,Maya Putri,user168@example.com,Semarang,2022-01-08
169,Andi Saputra,user169@example.com,Makassar,2022-11-02
170,Rina Kurniawan,user170@example.com,Medan,2022-11-23
171,Maya Saputra,user171@example.com,Makassar,2022-06-01
172,Budi Kurniawan,user172@example.com,Jakarta,2025-03-15
173,Nina Santoso,user173@example.com,Medan,2022-04-05
174,Budi Santoso,user174@example.com,Jakarta,2022-05-22
175,Rina Santoso,user175@example.com,Palembang,2021-11-09
176,Rina Putri,user176@example.com,Semarang,2024-10-03
177,Budi Nugroho,user177@example.com,Surabaya,2023-08-11
178,Dewi Lestari,user178@example.com,Bandung,2024-05-25
179,Fajar Wijaya,user179@example.com,Bandung,2022-09-30
180,Budi Nugroho,user180@example.com,Jakarta,2022-10-01
181,Fajar Hidayat,user181@example.com,Makassar,2025-01-04
182,Rina Wijaya,user182@example.com,Palembang,2024-11-15
183,Rina Wijaya,user183@example.com,Yogyakarta,2025-10-08
184,Fajar Wijaya,user184@example.com,Palembang,2025-05-22
185,Andi Lestari,user185@example.com,Denpasar,2023-05-28
186,Agus Wijaya,user186@example.com,Denpasar,2024-08-19
187,Agus Santoso,user187@example.com,Makassar,2025-08-12
188,Rizky Wijaya,user188@example.com,Makassar,2023-01-12
189,Rizky Putri,user189@example.com,Makassar,2021-12-27
190,Nina Saputra,user190@example.com,Palembang,2025-07-14
191,Nina Kurniawan,user191@example.com,Semarang,2023-06-12
192,Fajar Saputra,user192@example.com,Medan,2025-10-11
193,Rina Wijaya,user193@example.com,Yogyakarta,2023-07-13
194,Rina Kurniawan,user194@example.com,Palembang,2024-06-03
195,Maya Lestari,user195@example.com,Jakarta,2023-10-10
196,Agus Putri,user196@example.com,Semarang,2022-03-11
197,Agus Saputra,user197@example.com,Medan,2022-07-27
198,Fajar Saputra,user198@example.com,Denpasar,2021-01-21
199,Nina Pratama,user199@example.com,Batam,2022-05-10
200,Maya Kurniawan,user200@example.com,Denpasar,2025-04-02
201,Rina Kurniawan,user201@example.com,Semarang,2023-07-07
202,Andi Wijaya,user202@example.com,Yogyakarta,2022-03-30
203,Maya Pratama,user203@example.com,Yogyakarta,2024-09-21
204,Fajar Lestari,user204@example.com,Semarang,2024-02-08
205,Nina Lestari,user205@example.com,Makassar,2025-03-08
206,Nina Lestari,user206@example.com,Medan,2024-12-10
207,Rizky Saputra,user207@example.com,Yogyakarta,2022-05-30
208,Rina Wijaya,user208@example.com,Surabaya,2022-10-09
209,Budi Sari,user209@example.com,Bandung,2022-01-28
210,Rina Kurniawan,user210@example.com,Yogyakarta,2025-01-23
211,Fajar Sari,user211@example.com,Palembang,2022-08-03
212,Budi Pratama,user212@example.com,Yogyakarta,2022-04-11
213,Agus Putri,user213@example.com,Yogyakarta,2021-01-29
214,Nina Putri,user214@example.com,Yogyakarta,2021-04-04
215,Andi Sari,user215@example.com,Yogyakarta,2024-11-29
216,Siti Kurniawan,user216@example.com,Batam,2025-11-23
217,Andi Nugroho,user217@example.com,Yogyakarta,2023-08-20
218,Rizky Kurniawan,user218@example.com,Medan,2022-01-13
219,Andi Saputra,user219@example.com,Semarang,2021-08-22
220,Budi Hidayat,user220@example.com,Semarang,2021-06-01
221,Fajar Santoso,user221@example.com,Bandung,2021-11-02
222,Fajar Saputra,user222@example.com,Batam,2022-05-24
223,Budi Sari,user223@example.com,Makassar,2024-05-26
224,Fajar Nugroho,user224@example.com,Surabaya,2025-05-08
225,Nina Hidayat,user225@example.com,Semarang,2023-06-26
226,Dewi Nugroho,user226@example.com,Makassar,2022-09-18
227,Fajar Nugroho,user227@example.com,Jakarta,2024-06-02
228,Budi Pratama,user228@example.com,Surabaya,2022-06-26
229,Budi Putri,user229@example.com,Surabaya,2021-12-22
230,Nina Wijaya,user230@example.com,Bandung,2021-01-06
231,Maya Kurniawan,user231@example.com,Palembang,2023-08-21
232,Dewi Santoso,user232@example.com,Surabaya,2022-08-14
233,Dewi Kurniawan,user233@example.com,Batam,2024-11-08
234,Rina Saputra,user234@example.com,Palembang,2024-09-16
235,Rina Hidayat,user235@example.com,Batam,2024-01-21
236,Rina Putri,user236@example.com,Yogyakarta,2025-08-20
237,Siti Wijaya,user237@example.com,Jakarta,2021-12-06
238,Dewi Nugroho,user238@example.com,Palembang,2022-08-15
239,Rizky Wijaya,user239@example.com,Semarang,2024-11-11
240,Dewi Hidayat,user240@example.com,Yogyakarta,2023-10-22
241,Nina Kurniawan,user241@example.com,Semarang,2021-06-14
242,Fajar Santoso,user242@example.com,Makassar,2025-02-13
243,Agus Nugroho,user243@example.com,Yogyakarta,2021-02-22
244,Budi Pratama,user244@example.com,Palembang,2024-04-17
245,Andi Saputra,user245@example.com,Palembang,2021-03-24
246,Siti Kurniawan,user246@example.com,Denpasar,2024-08-27
247,Rizky Saputra,user247@example.com,Bandung,2024-04-13
248,Maya Kurniawan,user248@example.com,Batam,2023-08-21
249,Agus Hidayat,user249@example.com,Medan,2022-10-20
250,Budi Putri,user250@example.com,Medan,2023-04-24
251,Rizky Saputra,user251@example.com,Makassar,2025-07-25
252,Nina Santoso,user252@example.com,Semarang,2021-06-30
253,Agus Saputra,user253@example.com,Medan,2021-08-26
254,Maya Sari,user254@example.com,Jakarta,2024-09-08
255,Nina Kurniawan,user255@example.com,Makassar,2021-04-22
256,Rina Sari,user256@example.com,Medan,2024-06-29
257,Rizky Kurniawan,user257@example.com,Jakarta,2022-02-21
258,Dewi Sari,user258@example.com,Bandung,2022-08-13
259,Rizky Kurniawan,user259@example.com,Batam,2021-03-01
260,Fajar Pratama,user260@example.com,Bandung,2022-09-29
261,Nina Santoso,user261@example.com,Denpasar,2023-04-16
262,Budi Pratama,user262@example.com,Batam,2023-08-04
263,Budi Putri,user263@example.com,Semarang,2025-01-07
264,Dewi Sari,user264@example.com,Yogyakarta,2023-05-01
265,Rizky Kurniawan,user265@example.com,Surabaya,2023-07-25
266,Nina Putri,user266@example.com,Makassar,2022-01-26
267,Fajar Sari,user267@example.com,Bandung,2025-11-05
268,Budi Saputra,user268@example.com,Makassar,2022-11-28
269,Nina Saputra,user269@example.com,Jakarta,2022-08-03
270,Dewi Nugroho,user270@example.com,Palembang,2024-09-13
271,Rizky Putri,user271@example.com,Semarang,2024-01-09
272,Rizky Lestari,user272@example.com,Medan,2024-02-05
273,Nina Hidayat,user273@example.com,Semarang,2022-10-22
274,Rina Pratama,user274@example.com,Palembang,2023-02-24
275,Rina Hidayat,user275@example.com,Jakarta,2022-10-14
276,Rizky Hidayat,user276@example.com,Makassar,2024-09-21
277,Siti Kurniawan,user277@example.com,Jakarta,2021-09-16
278,Nina Nugroho,user278@example.com,Medan,2025-11-17
279,Budi Kurniawan,user279@example.com,Batam,2023-12-14
280,Rizky Santoso,user280@example.com,Bandung,2023-04-20
281,Siti Wijaya,user281@example.com,Semarang,2025-05-20
282,Dewi Lestari,user282@example.com,Palembang,2024-11-19
283,Maya Wijaya,user283@example.com,Medan,2025-10-12
284,Nina Hidayat,user284@example.com,Medan,2024-07-07
285,Rizky Sari,user285@example.com,Jakarta,2024-06-18
286,Budi Pratama,user286@example.com,Yogyakarta,2022-04-11
287,Budi Hidayat,user287@example.com,Batam,2025-04-07
288,Budi Kurniawan,user288@example.com,Bandung,2024-11-22
289,Dewi Santoso,user289@example.com,Jakarta,2022-10-27
290,Andi Saputra,user290@example.com,Medan,2023-02-07
291,Maya Putri,user291@example.com,Surabaya,2023-12-24
292,Maya Nugroho,user292@example.com,Bandung,2021-12-15
293,Siti Wijaya,user293@example.com,Palembang,2025-11-19
294,Maya Nugroho,user294@example.com,Surabaya,2023-10-17
295,Fajar Putri,user295@example.com,Surabaya,2023-08-03
296,Dewi Kurniawan,user296@example.com,Yogyakarta,2024-09-27
297,Andi Kurniawan,user297@example.com,Yogyakarta,2024-10-19
298,Nina Putri,user298@example.com,Batam,2023-06-24
299,Agus Nugroho,user299@example.com,Yogyakarta,2024-08-01
300,Maya Saputra,user300@example.com,Semarang,2025-09-28
301,Dewi Pratama,user301@example.com,Makassar,2025-10-14
302,Rizky Wijaya,user302@example.com,Surabaya,2023-02-21
303,Fajar Lestari,user303@example.com,Palembang,2022-08-29
304,Dewi Santoso,user304@example.com,Makassar,2022-07-17
305,Andi Nugroho,user305@example.com,Jakarta,2024-05-26
306,Rizky Saputra,user306@example.com,Surabaya,2024-05-28
307,Agus Pratama,user307@example.com,Surabaya,2024-06-25
308,Dewi Putri,user308@example.com,Batam,2024-07-09
309,Andi Saputra,user309@example.com,Semarang,2021-03-10
310,Fajar Lestari,user310@example.com,Bandung,2021-07-04
311,Dewi Lestari,user311@example.com,Makassar,2021-12-26
312,Rina Putri,user312@example.com,Denpasar,2025-11-30
313,Agus Sari,user313@example.com,Denpasar,2022-07-13
314,Siti Saputra,user314@example.com,Semarang,2025-07-10
315,Dewi Lestari,user315@example.com,Batam,2023-08-18
316,Budi Putri,user316@example.com,Surabaya,2025-10-28
317,Maya Sari,user317@example.com,Medan,2021-07-04
318,Maya Santoso,user318@example.com,Yogyakarta,2024-01-04
319,Budi Kurniawan,user319@example.com,Medan,2024-10-09
320,Dewi Nugroho,user320@example.com,Makassar,2025-08-12
321,Agus Wijaya,user321@example.com,Surabaya,2023-08-24
322,Andi Nugroho,user322@example.com,Denpasar,2022-11-03
323,Fajar Pratama,user323@example.com,Batam,2024-07-25
324,Rizky Saputra,user324@example.com,Makassar,2021-08-27
325,Siti Santoso,user325@example.com,Jakarta,2022-09-16
326,Rizky Wijaya,user326@example.com,Batam,2022-04-26
327,Nina Putri,user327@example.com,Makassar,2023-07-19
328,Agus Sari,user328@example.com,Makassar,2024-04-17
329,Siti Hidayat,user329@example.com,Batam,2025-09-04
330,Rizky Nugroho,user330@example.com,Makassar,2022-07-27
331,Andi Lestari,user331@example.com,Surabaya,2023-06-28
332,Rizky Pratama,user332@example.com,Medan,2021-07-23
333,Agus Sari,user333@example.com,Medan,2021-05-05
334,Maya Saputra,user334@example.com,Surabaya,2021-09-08
335,Rizky Wijaya,user335@example.com,Surabaya,2024-08-07
336,Fajar Santoso,user336@example.com,Jakarta,2025-05-31
337,Agus Pratama,user337@example.com,Bandung,2025-05-31
338,Fajar Pratama,user338@example.com,Batam,2025-08-27
339,Nina Pratama,user339@example.com,Palembang,2022-03-19
340,Rina Lestari,user340@example.com,Bandung,2025-06-04
341,Fajar Santoso,user341@example.com,Yogyakarta,2025-10-25
342,Siti Putri,user342@example.com,Denpasar,2022-05-29
343,Siti Wijaya,user343@example.com,Jakarta,2021-09-27
344,Andi Lestari,user344@example.com,Surabaya,2024-04-20
345,Agus Santoso,user345@example.com,Bandung,2022-06-28
346,Andi Putri,user346@example.com,Makassar,2023-12-14
347,Budi Wijaya,user347@example.com,Semarang,2023-07-08
348,Agus Sari,user348@example.com,Palembang,2021-08-12
349,Rizky Sari,user349@example.com,Surabaya,2024-06-13
350,Andi Sari,user350@example.com,Yogyakarta,2023-07-28
351,Andi Santoso,user351@example.com,Semarang,2025-10-02
352,Maya Hidayat,user352@example.com,Batam,2023-10-02
353,Rizky Wijaya,user353@example.com,Batam,2022-10-22
354,Fajar Putri,user354@example.com,Batam,2021-09-16
355,Dewi Nugroho,user355@example.com,Palembang,2024-01-29
356,Agus Hidayat,user356@example.com,Palembang,2023-12-23
357,Dewi Kurniawan,user357@example.com,Denpasar,2024-05-24
358,Maya Wijaya,user358@example.com,Batam,2025-10-13
359,Nina Pratama,user359@example.com,Makassar,2023-07-14
360,Rina Hidayat,user360@example.com,Medan,2025-08-22
361,Rizky Hidayat,user361@example.com,Makassar,2025-02-03
362,Budi Lestari,user362@example.com,Makassar,2022-10-03
363,Dewi Lestari,user363@example.com,Bandung,2024-11-07
364,Rizky Wijaya,user364@example.com,Batam,2025-08-31
365,Budi Wijaya,user365@example.com,Makassar,2021-07-17
366,Agus Putri,user366@example.com,Denpasar,2021-05-03
367,Fajar Sari,user367@example.com,Denpasar,2022-11-07
368,Budi Hidayat,user368@example.com,Medan,2025-11-25
369,Maya Santoso,user369@example.com,Yogyakarta,2024-05-14
370,Dewi Lestari,user370@example.com,Batam,2024-03-29
371,Nina Pratama,user371@example.com,Bandung,2024-09-06
372,Rizky Pratama,user372@example.com,Batam,2022-12-19
373,Nina Lestari,user373@example.com,Batam,2025-04-11
374,Dewi Nugroho,user374@example.com,Surabaya,2025-07-12
375,Maya Sari,user375@example.com,Palembang,2024-06-10
376,Nina Santoso,user376@example.com,Palembang,2024-09-09
377,Dewi Santoso,user377@example.com,Bandung,2022-07-14
378,Dewi Lestari,user378@example.com,Medan,2021-01-13
379,Siti Putri,user379@example.com,Palembang,2024-09-08
380,Maya Wijaya,user380@example.com,Bandung,2025-02-26
381,Andi Wijaya,user381@example.com,Denpasar,2022-03-17
382,Maya Hidayat,user382@example.com,Semarang,2022-11-30
383,Siti Lestari,user383@example.com,Yogyakarta,2025-01-17
384,Agus Nugroho,user384@example.com,Palembang,2021-06-23
385,Andi Putri,user385@example.com,Bandung,2025-03-26
386,Fajar Santoso,user386@example.com,Batam,2022-07-12
387,Rizky Hidayat,user387@example.com,Semarang,2024-05-28
388,Rizky Hidayat,user388@example.com,Yogyakarta,2022-03-18
389,Nina Wijaya,user389@example.com,Medan,2023-05-31
390,Budi Saputra,user390@example.com,Palembang,2023-09-24
391,Nina Saputra,user391@example.com,Jakarta,2022-03-28
392,Maya Nugroho,user392@example.com,Jakarta,2021-01-16
393,Rina Saputra,user393@example.com,Surabaya,2025-04-21
394,Siti Saputra,user394@example.com,Yogyakarta,2022-11-03
395,Budi Santoso,user395@example.com,Semarang,2025-03-10
396,Maya Putri,user396@example.com,Bandung,2023-02-18
397,Nina Pratama,user397@example.com,Denpasar,2024-02-19
398,Agus Wijaya,user398@example.com,Makassar,2025-10-31
399,Andi Hidayat,user399@example.com,Jakarta,2023-07-31
400,Budi Lestari,user400@example.com,Palembang,2023-05-30
401,Fajar Hidayat,user401@example.com,Makassar,2022-08-16
402,Budi Hidayat,user402@example.com,Jakarta,2022-10-28
403,Siti Nugroho,user403@example.com,Semarang,2025-08-31
404,Agus Wijaya,user404@example.com,Makassar,2025-09-26
405,Budi Pratama,user405@example.com,Makassar,2024-04-21
406,Maya Sari,user406@example.com,Batam,2023-03-22
407,Dewi Lestari,user407@example.com,Surabaya,2022-11-14
408,Siti Wijaya,user408@example.com,Denpasar,2024-07-20
409,Budi Sari,user409@example.com,Denpasar,2022-02-02
410,Agus Lestari,user410@example.com,Bandung,2022-04-29
411,Budi Putri,user411@example.com,Yogyakarta,2022-02-09
412,Siti Nugroho,user412@example.com,Bandung,2025-04-06
413,Budi Putri,user413@example.com,Semarang,2023-08-09
414,Fajar Nugroho,user414@example.com,Semarang,2024-10-26
415,Fajar Nugroho,user415@example.com,Medan,2025-11-05
416,Agus Putri,user416@example.com,Semarang,2021-05-20
417,Rizky Kurniawan,user417@example.com,Yogyakarta,2025-06-19
418,Dewi Nugroho,user418@example.com,Jakarta,2022-12-22
419,Nina Wijaya,user419@example.com,Yogyakarta,2023-08-04
420,Rizky Santoso,user420@example.com,Jakarta,2023-01-26
421,Dewi Wijaya,user421@example.com,Batam,2024-06-13
422,Fajar Sari,user422@example.com,Makassar,2023-08-06
423,Fajar Sari,user423@example.com,Jakarta,2023-07-11
424,Fajar Pratama,user424@example.com,Medan,2024-05-24
425,Rizky Sari,user425@example.com,Bandung,2021-05-07
426,Rizky Wijaya,user426@example.com,Medan,2025-01-02
427,Budi Sari,user427@example.com,Bandung,2021-03-22
428,Rina Kurniawan,user428@example.com,Semarang,2023-12-10
429,Nina Nugroho,user429@example.com,Bandung,2023-01-16
430,Agus Saputra,user430@example.com,Makassar,2023-04-18
431,Agus Nugroho,user431@example.com,Jakarta,2025-06-05
432,Agus Wijaya,user432@example.com,Medan,2021-07-13
433,Nina Hidayat,user433@example.com,Yogyakarta,2022-06-01
434,Fajar Putri,user434@example.com,Medan,2021-06-16
435,Fajar Putri,user435@example.com,Medan,2022-09-28
436,Maya Putri,user436@example.com,Palembang,2024-12-22
437,Budi Saputra,user437@example.com,Denpasar,2023-02-11
438,Agus Putri,user438@example.com,Denpasar,2021-07-11
439,Maya Sari,user439@example.com,Medan,2021-02-07
440,Agus Saputra,user440@example.com,Bandung,2022-03-15
441,Agus Kurniawan,user441@example.com,Surabaya,2022-04-09
442,Siti Putri,user442@example.com,Batam,2022-08-29
443,Budi Sari,user443@example.com,Denpasar,2025-09-07
444,Nina Santoso,user444@example.com,Medan,2025-11-30
445,Fajar Putri,user445@example.com,Palembang,2023-02-11
446,Siti Putri,user446@example.com,Bandung,2025-08-30
447,Fajar Putri,user447@example.com,Semarang,2021-03-31
448,Maya Lestari,user448@example.com,Surabaya,2023-06-29
449,Fajar Saputra,user449@example.com,Semarang,2022-04-25
450,Nina Pratama,user450@example.com,Yogyakarta,2025-07-15
451,Rizky Pratama,user451@example.com,Medan,2024-10-21
452,Fajar Kurniawan,user452@example.com,Semarang,2025-04-25
453,Dewi Hidayat,user453@example.com,Denpasar,2023-12-17
454,Maya Putri,user454@example.com,Surabaya,2025-06-29
455,Fajar Putri,user455@example.com,Yogyakarta,2021-04-17
456,Rizky Lestari,user456@example.com,Denpasar,2021-07-30
457,Nina Wijaya,user457@example.com,Yogyakarta,2021-06-21
458,Siti Saputra,user458@example.com,Semarang,2023-11-18
459,Siti Hidayat,user459@example.com,Batam,2022-03-31
460,Rizky Lestari,user460@example.com,Jakarta,2023-04-30
461,Andi Hidayat,user461@example.com,Denpasar,2023-02-05
462,Rina Hidayat,user462@example.com,Batam,2023-02-07
463,Rina Santoso,user463@example.com,Medan,2021-07-22
464,Agus Putri,user464@example.com,Bandung,2021-03-20
465,Dewi Kurniawan,user465@example.com,Bandung,2025-04-04
466,Rizky Kurniawan,user466@example.com,Palembang,2021-01-11
467,Budi Santoso,user467@example.com,Yogyakarta,2022-03-18
468,Siti Sari,user468@example.com,Palembang,2023-12-17
469,Maya Wijaya,user469@example.com,Yogyakarta,2022-05-02
470,Dewi Wijaya,user470@example.com,Jakarta,2022-05-04
471,Maya Nugroho,user471@example.com,Semarang,2021-05-09
472,Budi Kurniawan,user472@example.com,Palembang,2024-01-03
473,Andi Sari,user473@example.com,Palembang,2022-05-11
474,Siti Saputra,user474@example.com,Makassar,2021-01-04
475,Fajar Lestari,user475@example.com,Surabaya,2024-03-14
476,Maya Putri,user476@example.com,Batam,2023-12-09
477,Agus Wijaya,user477@example.com,Denpasar,2024-01-20
478,Nina Sari,user478@example.com,Denpasar,2021-02-11
479,Maya Kurniawan,user479@example.com,Jakarta,2024-07-25
480,Maya Lestari,user480@example.com,Yogyakarta,2025-03-11
481,Andi Lestari,user481@example.com,Batam,2022-12-08
482,Rina Wijaya,user482@example.com,Palembang,2025-02-14
483,Agus Putri,user483@example.com,Jakarta,2022-12-23
484,Nina Lestari,user484@example.com,Bandung,2025-08-28
485,Rizky Kurniawan,user485@example.com,Bandung,2025-07-20
486,Siti Wijaya,user486@example.com,Semarang,2021-03-17
487,Dewi Pratama,user487@example.com,Jakarta,2025-06-09
488,Rina Santoso,user488@example.com,Medan,2022-09-28
489,Nina Hidayat,user489@example.com,Denpasar,2023-08-28
490,Dewi Santoso,user490@example.com,Surabaya,2022-08-09
491,Agus Santoso,user491@example.com,Medan,2022-07-14
492,Budi Lestari,user492@example.com,Makassar,2023-03-31
493,Rizky Hidayat,user493@example.com,Medan,2022-01-18
494,Rizky Kurniawan,user494@example.com,Medan,2025-06-21
495,Nina Saputra,user495@example.com,Batam,2025-01-29
496,Maya Wijaya,user496@example.com,Makassar,2024-05-18
497,Siti Sari,user497@example.com,Yogyakarta,2022-10-20
498,Budi Wijaya,user498@example.com,Medan,2024-09-15
499,Dewi Saputra,user499@example.com,Semarang,2024-05-19
500,Maya Putri,user500@example.com,Semarang,2022-12-21
501,Rizky Santoso,user501@example.com,Medan,2024-06-13
502,Maya Saputra,user502@example.com,Jakarta,2021-06-03
503,Maya Lestari,user503@example.com,Denpasar,2025-06-29
504,Siti Santoso,user504@example.com,Bandung,2025-10-05
505,Fajar Kurniawan,user505@example.com,Jakarta,2021-09-16
506,Budi Pratama,user506@example.com,Medan,2023-01-12
507,Maya Nugroho,user507@example.com,Jakarta,2024-05-24
508,Siti Kurniawan,user508@example.com,Medan,2023-02-01
509,Rizky Wijaya,user509@example.com,Palembang,2021-10-09
510,Nina Lestari,user510@example.com,Makassar,2022-10-06
511,Dewi Pratama,user511@example.com,Batam,2021-02-23
512,Siti Kurniawan,user512@example.com,Denpasar,2023-03-04
513,Nina Wijaya,user513@example.com,Yogyakarta,2025-05-07
514,Dewi Kurniawan,user514@example.com,Surabaya,2024-06-07
515,Dewi Kurniawan,user515@example.com,Surabaya,2021-09-09
516,Siti Wijaya,user516@example.com,Semarang,2021-12-20
517,Rizky Wijaya,user517@example.com,Medan,2024-09-29
518,Agus Wijaya,user518@example.com,Denpasar,2024-01-16
519,Dewi Saputra,user519@example.com,Bandung,2024-12-28
520,Siti Lestari,user520@example.com,Denpasar,2022-04-05
521,Budi Pratama,user521@example.com,Bandung,2022-04-30
522,Rizky Santoso,user522@example.com,Medan,2024-02-09
523,Fajar Lestari,user523@example.com,Semarang,2025-07-04
524,Nina Putri,user524@example.com,Palembang,2021-06-26
525,Budi Saputra,user525@example.com,Makassar,2025-01-08
526,Rizky Sari,user526@example.com,Makassar,2025-04-25
527,Maya Nugroho,user527@example.com,Batam,2021-09-14
528,Agus Wijaya,user528@example.com,Semarang,2023-08-13
529,Nina Lestari,user529@example.com,Bandung,2025-12-04
530,Nina Nugroho,user530@example.com,Bandung,2025-04-22
531,Siti Hidayat,user531@example.com,Denpasar,2025-11-14
532,Andi Wijaya,user532@example.com,Denpasar,2021-11-10
533,Dewi Putri,user533@example.com,Bandung,2022-10-23
534,Rina Lestari,user534@example.com,Denpasar,2022-08-05
535,Budi Saputra,user535@example.com,Surabaya,2024-07-24
536,Nina Saputra,user536@example.com,Bandung,2024-07-04
537,Dewi Nugroho,user537@example.com,Denpasar,2021-07-11
538,Nina Putri,user538@example.com,Palembang,2024-04-04
539,Siti Putri,user539@example.com,Palembang,2025-01-15
540,Fajar Lestari,user540@example.com,Palembang,2021-03-26
541,Andi Wijaya,user541@example.com,Jakarta,2024-08-06
542,Fajar Saputra,user542@example.com,Surabaya,2025-04-20
543,Fajar Hidayat,user543@example.com,Palembang,2024-08-01
544,Andi Kurniawan,user544@example.com,Denpasar,2022-08-17
545,Dewi Kurniawan,user545@example.com,Surabaya,2025-07-07
546,Maya Saputra,user546@example.com,Semarang,2021-05-30
547,Andi Putri,user547@example.com,Semarang,2023-05-02
548,Rizky Kurniawan,user548@example.com,Surabaya,2022-11-28
549,Fajar Putri,user549@example.com,Medan,2025-10-31
550,Agus Lestari,user550@example.com,Makassar,2021-09-25
551,Agus Sari,user551@example.com,Denpasar,2021-08-06
552,Agus Pratama,user552@example.com,Semarang,2021-09-08
553,Dewi Kurniawan,user553@example.com,Surabaya,2021-10-16
554,Budi Santoso,user554@example.com,Yogyakarta,2023-02-26
555,Fajar Hidayat,user555@example.com,Surabaya,2025-11-08
556,Siti Lestari,user556@example.com,Palembang,2025-01-16
557,Agus Pratama,user557@example.com,Bandung,2023-10-18
558,Nina Kurniawan,user558@example.com,Semarang,2025-12-06
559,Dewi Kurniawan,user559@example.com,Jakarta,2021-07-04
560,Maya Sari,user560@example.com,Semarang,2022-05-09
561,Rina Nugroho,user561@example.com,Medan,2021-04-10
562,Andi Saputra,user562@example.com,Semarang,2024-05-08
563,Rizky Saputra,user563@example.com,Denpasar,2021-01-17
564,Budi Hidayat,user564@example.com,Bandung,2022-06-26
565,Agus Hidayat,user565@example.com,Medan,2021-04-03
566,Maya Santoso,user566@example.com,Palembang,2024-02-25
567,Rina Lestari,user567@example.com,Denpasar,2022-08-15
568,Budi Hidayat,user568@example.com,Denpasar,2023-07-12
569,Nina Saputra,user569@example.com,Palembang,2024-10-25
570,Fajar Wijaya,user570@example.com,Bandung,2021-07-18
571,Maya Lestari,user571@example.com,Medan,2024-02-17
572,Agus Putri,user572@example.com,Surabaya,2024-05-18
573,Nina Hidayat,user573@example.com,Denpasar,2021-03-24
574,Andi Santoso,user574@example.com,Bandung,2025-01-01
575,Agus Kurniawan,user575@example.com,Denpasar,2023-07-25
576,Siti Nugroho,user576@example.com,Denpasar,2021-10-14
577,Agus Nugroho,user577@example.com,Medan,2021-11-29
578,Maya Nugroho,user578@example.com,Yogyakarta,2024-04-30
579,Agus Sari,user579@example.com,Denpasar,2023-12-27
580,Rizky Nugroho,user580@example.com,Yogyakarta,2023-08-31
581,Andi Lestari,user581@example.com,Medan,2024-10-11
582,Budi Hidayat,user582@example.com,Palembang,2022-09-23
583,Andi Nugroho,user583@example.com,Semarang,2022-06-28
584,Fajar Nugroho,user584@example.com,Surabaya,2025-01-17
585,Andi Nugroho,user585@example.com,Semarang,2021-12-16
586,Nina Nugroho,user586@example.com,Makassar,2021-10-30
587,Rina Santoso,user587@example.com,Palembang,2024-12-05
588,Budi Pratama,user588@example.com,Jakarta,2023-06-23
589,Agus Hidayat,user589@example.com,Bandung,2023-04-26
590,Rina Hidayat,user590@example.com,Denpasar,2025-05-07
591,Fajar Kurniawan,user591@example.com,Jakarta,2024-12-16
592,Siti Sari,user592@example.com,Surabaya,2024-02-23
593,Agus Kurniawan,user593@example.com,Denpasar,2023-02-11
594,Agus Putri,user594@example.com,Semarang,2023-12-28
595,Agus Sari,user595@example.com,Medan,2024-10-16
596,Dewi Nugroho,user596@example.com,Semarang,2022-01-29
597,Rina Saputra,user597@example.com,Denpasar,2022-09-04
598,Rina Saputra,user598@example.com,Yogyakarta,2024-12-14
599,Rina Kurniawan,user599@example.com,Medan,2023-09-10
600,Agus Sari,user600@example.com,Yogyakarta,2022-08-13
601,Budi Nugroho,user601@example.com,Denpasar,2023-02-17
602,Maya Lestari,user602@example.com,Bandung,2022-08-18
603,Andi Saputra,user603@example.com,Batam,2022-12-11
604,Rizky Saputra,user604@example.com,Semarang,2022-03-15
605,Rina Sari,user605@example.com,Yogyakarta,2024-02-26
606,Dewi Putri,user606@example.com,Batam,2024-06-14
607,Fajar Pratama,user607@example.com,Surabaya,2021-04-14
608,Nina Pratama,user608@example.com,Surabaya,2021-04-18
609,Budi Hidayat,user609@example.com,Medan,2025-01-09
610,Rizky Wijaya,user610@example.com,Bandung,2021-01-11
611,Nina Putri,user611@example.com,Makassar,2024-08-30
612,Rizky Kurniawan,user612@example.com,Surabaya,2025-03-29
613,Dewi Lestari,user613@example.com,Yogyakarta,2024-08-15
614,Andi Wijaya,user614@example.com,Palembang,2022-04-21
615,Nina Santoso,user615@example.com,Bandung,2023-05-06
616,Siti Santoso,user616@example.com,Makassar,2025-06-02
617,Rizky Putri,user617@example.com,Yogyakarta,2025-12-01
618,Andi Santoso,user618@example.com,Yogyakarta,2024-03-09
619,Fajar Wijaya,user619@example.com,Medan,2022-08-06
620,Rizky Sari,user620@example.com,Denpasar,2023-10-09
621,Siti Sari,user621@example.com,Semarang,2022-07-13
622,Rina Wijaya,user622@example.com,Medan,2021-11-29
623,Rizky Saputra,user623@example.com,Bandung,2021-01-29
624,Agus Saputra,user624@example.com,Palembang,2024-10-13
625,Rina Putri,user625@example.com,Palembang,2025-10-20
626,Maya Hidayat,user626@example.com,Denpasar,2022-11-03
627,Budi Hidayat,user627@example.com,Batam,2022-01-14
628,Siti Kurniawan,user628@example.com,Medan,2022-05-24
629,Andi Saputra,user629@example.com,Makassar,2022-04-28
630,Rizky Saputra,user630@example.com,Medan,2022-09-11
631,Fajar Nugroho,user631@example.com,Jakarta,2022-06-20
632,Agus Pratama,user632@example.com,Jakarta,2024-09-29
633,Budi Kurniawan,user633@example.com,Yogyakarta,2021-11-24
634,Maya Sari,user634@example.com,Yogyakarta,2024-11-14
635,Budi Saputra,user635@example.com,Medan,2024-06-12
636,Rina Pratama,user636@example.com,Bandung,2023-09-07
637,Siti Kurniawan,user637@example.com,Palembang,2023-02-05
638,Maya Sari,user638@example.com,Semarang,2025-04-01
639,Nina Pratama,user639@example.com,Surabaya,2024-10-25
640,Fajar Wijaya,user640@example.com,Denpasar,2023-07-04
641,Nina Lestari,user641@example.com,Batam,2024-03-01
642,Budi Santoso,user642@example.com,Denpasar,2023-11-02
643,Rina Nugroho,user643@example.com,Denpasar,2021-11-03
644,Siti Lestari,user644@example.com,Denpasar,2023-06-24
645,Budi Pratama,user645@example.com,Palembang,2023-09-29
646,Budi Sari,user646@example.com,Semarang,2025-07-15
647,Andi Kurniawan,user647@example.com,Bandung,2023-11-18
648,Maya Kurniawan,user648@example.com,Palembang,2021-04-29
649,Nina Kurniawan,user649@example.com,Yogyakarta,2025-01-21
650,Andi Hidayat,user650@example.com,Yogyakarta,2025-07-31
651,Andi Pratama,user651@example.com,Palembang,2021-05-30
652,Andi Hidayat,user652@example.com,Medan,2024-12-05
653,Budi Sari,user653@example.com,Jakarta,2021-05-22
654,Rizky Santoso,user654@example.com,Yogyakarta,2023-04-18
655,Siti Putri,user655@example.com,Makassar,2023-02-06
656,Maya Kurniawan,user656@example.com,Makassar,2023-02-09
657,Budi Sari,user657@example.com,Bandung,2024-08-31
658,Agus Wijaya,user658@example.com,Bandung,2024-01-06
659,Maya Sari,user659@example.com,Bandung,2025-01-30
660,Rina Santoso,user660@example.com,Jakarta,2022-09-04
661,Rizky Sari,user661@example.com,Makassar,2023-12-26
662,Maya Pratama,user662@example.com,Surabaya,2023-08-02
663,Agus Putri,user663@example.com,Yogyakarta,2022-01-22
664,Budi Santoso,user664@example.com,Makassar,2024-06-13
665,Andi Pratama,user665@example.com,Surabaya,2021-05-18
666,Budi Nugroho,user666@example.com,Jakarta,2023-07-04
667,Fajar Santoso,user667@example.com,Surabaya,2025-02-25
668,Andi Hidayat,user668@example.com,Semarang,2022-04-25
669,Nina Pratama,user669@example.com,Jakarta,2021-10-14
670,Nina Saputra,user670@example.com,Surabaya,2025-07-29
671,Fajar Lestari,user671@example.com,Palembang,2024-05-09
672,Agus Pratama,user672@example.com,Yogyakarta,2025-11-30
673,Siti Sari,user673@example.com,Surabaya,2023-04-27
674,Dewi Saputra,user674@example.com,Jakarta,2024-02-15
675,Fajar Putri,user675@example.com,Makassar,2024-02-13
676,Rizky Santoso,user676@example.com,Medan,2024-08-10
677,Maya Sari,user677@example.com,Medan,2024-11-27
678,Maya Hidayat,user678@example.com,Bandung,2022-09-07
679,Maya Putri,user679@example.com,Denpasar,2023-08-28
680,Rina Pratama,user680@example.com,Yogyakarta,2025-10-23
681,Siti Kurniawan,user681@example.com,Jakarta,2024-02-26
682,Maya Hidayat,user682@example.com,Denpasar,2023-12-22
683,Siti Hidayat,user683@example.com,Surabaya,2022-06-07
684,Rina Lestari,user684@example.com,Batam,2023-07-11
685,Agus Wijaya,user685@example.com,Denpasar,2025-01-23
686,Rina Santoso,user686@example.com,Yogyakarta,2023-02-12
687,Fajar Nugroho,user687@example.com,Jakarta,2025-11-25
688,Budi Pratama,user688@example.com,Palembang,2025-01-23
689,Nina Pratama,user689@example.com,Semarang,2022-03-04
690,Agus Saputra,user690@example.com,Jakarta,2022-03-10
691,Rina Wijaya,user691@example.com,Semarang,2022-05-12
692,Fajar Pratama,user692@example.com,Makassar,2022-05-06
693,Nina Lestari,user693@example.com,Yogyakarta,2023-02-19
694,Rizky Sari,user694@example.com,Medan,2022-09-24
695,Dewi Lestari,user695@example.com,Denpasar,2023-10-16
696,Rizky Wijaya,user696@example.com,Semarang,2025-04-09
697,Agus Pratama,user697@example.com,Medan,2022-10-03
698,Maya Santoso,user698@example.com,Palembang,2025-11-05
699,Rina Putri,user699@example.com,Jakarta,2022-06-19
700,Nina Nugroho,user700@example.com,Palembang,2025-01-14
701,Maya Saputra,user701@example.com,Bandung,2022-02-06
702,Agus Pratama,user702@example.com,Makassar,2024-03-12
703,Rina Kurniawan,user703@example.com,Denpasar,2024-09-02
704,Agus Saputra,user704@example.com,Semarang,2025-01-21
705,Rizky Kurniawan,user705@example.com,Bandung,2025-02-09
706,Agus Putri,user706@example.com,Bandung,2025-01-15
707,Nina Kurniawan,user707@example.com,Bandung,2024-01-16
708,Andi Sari,user708@example.com,Jakarta,2025-09-15
709,Budi Santoso,user709@example.com,Jakarta,2023-04-25
710,Siti Pratama,user710@example.com,Batam,2024-12-19
711,Siti Santoso,user711@example.com,Surabaya,2023-11-02
712,Rizky Lestari,user712@example.com,Jakarta,2024-06-19
713,Fajar Kurniawan,user713@example.com,Semarang,2021-02-02
714,Andi Sari,user714@example.com,Denpasar,2023-04-23
715,Andi Santoso,user715@example.com,Denpasar,2025-01-19
716,Dewi Sari,user716@example.com,Yogyakarta,2021-02-05
717,Nina Hidayat,user717@example.com,Bandung,2021-08-08
718,Budi Sari,user718@example.com,Bandung,2022-05-09
719,Rina Nugroho,user719@example.com,Denpasar,2022-06-01
720,Agus Saputra,user720@example.com,Makassar,2021-06-11
721,Agus Hidayat,user721@example.com,Semarang,2024-03-03
722,Rina Pratama,user722@example.com,Yogyakarta,2024-11-01
723,Budi Santoso,user723@example.com,Batam,2023-04-11
724,Maya Hidayat,user724@example.com,Denpasar,2023-09-02
725,Andi Santoso,user725@example.com,Bandung,2021-06-19
726,Rizky Hidayat,user726@example.com,Medan,2024-03-04
727,Budi Sari,user727@example.com,Jakarta,2022-04-16
728,Rina Nugroho,user728@example.com,Semarang,2022-07-10
729,Andi Wijaya,user729@example.com,Yogyakarta,2024-01-18
730,Fajar Santoso,user730@example.com,Bandung,2025-10-08
731,Agus Santoso,user731@example.com,Surabaya,2024-04-17
732,Siti Hidayat,user732@example.com,Batam,2022-09-05
733,Siti Nugroho,user733@example.com,Surabaya,2024-03-06
734,Maya Sari,user734@example.com,Medan,2023-02-26
735,Siti Wijaya,user735@example.com,Denpasar,2025-03-07
736,Agus Santoso,user736@example.com,Batam,2023-06-15
737,Rina Wijaya,user737@example.com,Medan,2024-05-24
738,Fajar Nugroho,user738@example.com,Makassar,2025-05-04
739,Agus Santoso,user739@example.com,Yogyakarta,2025-05-24
740,Rizky Kurniawan,user740@example.com,Surabaya,2022-12-30
741,Nina Hidayat,user741@example.com,Makassar,2022-01-16
742,Fajar Hidayat,user742@example.com,Batam,2025-05-01
743,Fajar Saputra,user743@example.com,Surabaya,2024-12-31
744,Budi Wijaya,user744@example.com,Yogyakarta,2021-11-12
745,Maya Putri,user745@example.com,Makassar,2022-10-11
746,Agus Wijaya,user746@example.com,Batam,2021-01-11
747,Dewi Kurniawan,user747@example.com,Medan,2025-04-09
748,Dewi Wijaya,user748@example.com,Bandung,2021-06-28
749,Siti Hidayat,user749@example.com,Semarang,2024-02-15
750,Nina Sari,user750@example.com,Makassar,2021-07-31
751,Andi Wijaya,user751@example.com,Medan,2024-02-10
752,Budi Nugroho,user752@example.com,Palembang,2025-05-26
753,Agus Hidayat,user753@example.com,Jakarta,2022-08-21
754,Maya Hidayat,user754@example.com,Batam,2025-01-24
755,Nina Pratama,user755@example.com,Palembang,2023-12-04
756,Siti Hidayat,user756@example.com,Bandung,2021-10-12
757,Dewi Saputra,user757@example.com,Yogyakarta,2023-10-07
758,Siti Wijaya,user758@example.com,Bandung,2023-06-10
759,Dewi Hidayat,user759@example.com,Yogyakarta,2023-09-19
760,Budi Lestari,user760@example.com,Yogyakarta,2022-05-21
761,Rizky Nugroho,user761@example.com,Palembang,2022-02-05
762,Rizky Wijaya,user762@example.com,Bandung,2022-09-16
763,Andi Hidayat,user763@example.com,Medan,2025-09-20
764,Fajar Hidayat,user764@example.com,Medan,2023-06-21
765,Agus Hidayat,user765@example.com,Palembang,2021-10-06
766,Dewi Lestari,user766@example.com,Palembang,2024-11-24
767,Rina Kurniawan,user767@example.com,Medan,2021-12-30
768,Maya Lestari,user768@example.com,Yogyakarta,2025-02-14
769,Rizky Nugroho,user769@example.com,Surabaya,2022-10-30
770,Maya Saputra,user770@example.com,Makassar,2023-01-18
771,Budi Nugroho,user771@example.com,Surabaya,2024-04-27
772,Nina Putri,user772@example.com,Denpasar,2021-02-25
773,Rizky Pratama,user773@example.com,Semarang,2025-06-22
774,Dewi Wijaya,user774@example.com,Makassar,2024-10-10
775,Rizky Putri,user775@example.com,Yogyakarta,2022-05-11
776,Dewi Putri,user776@example.com,Makassar,2025-06-05
777,Maya Wijaya,user777@example.com,Semarang,2024-05-09
778,Rizky Nugroho,user778@example.com,Makassar,2023-12-31
779,Nina Hidayat,user779@example.com,Denpasar,2021-03-17
780,Agus Sari,user780@example.com,Palembang,2024-07-30
781,Budi Wijaya,user781@example.com,Surabaya,2024-09-08
782,Agus Putri,user782@example.com,Palembang,2021-04-01
783,Fajar Hidayat,user783@example.com,Medan,2025-06-19
784,Maya Wijaya,user784@example.com,Jakarta,2021-07-21
785,Dewi Pratama,user785@example.com,Denpasar,2025-03-10
786,Nina Sari,user786@example.com,Palembang,2024-11-09
787,Fajar Pratama,user787@example.com,Semarang,2023-02-06
788,Maya Kurniawan,user788@example.com,Palembang,2024-11-15
789,Nina Putri,user789@example.com,Medan,2021-02-20
790,Rizky Wijaya,user790@example.com,Yogyakarta,2023-05-02
791,Budi Wijaya,user791@example.com,Bandung,2022-12-15
792,Dewi Lestari,user792@example.com,Semarang,2025-05-26
793,Rina Sari,user793@example.com,Semarang,2022-12-15
794,Rizky Wijaya,user794@example.com,Semarang,2025-01-18
795,Rizky Lestari,user795@example.com,Batam,2022-09-07
796,Andi Wijaya,user796@example.com,Jakarta,2025-10-06
797,Agus Wijaya,user797@example.com,Bandung,2025-02-25
798,Rina Sari,user798@example.com,Bandung,2024-02-05
799,Siti Lestari,user799@example.com,Denpasar,2023-05-24
800,Rizky Pratama,user800@example.com,Makassar,2024-07-13
801,Siti Putri,user801@example.com,Makassar,2023-03-22
802,Andi Nugroho,user802@example.com,Surabaya,2023-07-10
803,Fajar Hidayat,user803@example.com,Makassar,2021-01-10
804,Rina Pratama,user804@example.com,Yogyakarta,2025-03-21
805,Budi Nugroho,user805@example.com,Batam,2025-06-26
806,Nina Putri,user806@example.com,Medan,2022-10-30
807,Rina Kurniawan,user807@example.com,Batam,2022-06-22
808,Rizky Sari,user808@example.com,Medan,2024-05-07
809,Maya Nugroho,user809@example.com,Makassar,2024-04-17
810,Budi Lestari,user810@example.com,Medan,2025-09-28
811,Rizky Nugroho,user811@example.com,Bandung,2025-07-25
812,Dewi Nugroho,user812@example.com,Palembang,2021-06-23
813,Siti Lestari,user813@example.com,Batam,2022-05-04
814,Dewi Wijaya,user814@example.com,Bandung,2023-02-04
815,Siti Sari,user815@example.com,Makassar,2023-05-07
816,Fajar Putri,user816@example.com,Palembang,2023-02-25
817,Maya Putri,user817@example.com,Semarang,2024-07-25
818,Nina Putri,user818@example.com,Denpasar,2021-12-08
819,Rizky Saputra,user819@example.com,Bandung,2022-01-19
820,Agus Kurniawan,user820@example.com,Palembang,2021-04-20
821,Agus Santoso,user821@example.com,Semarang,2021-10-07
822,Rina Hidayat,user822@example.com,Denpasar,2023-11-02
823,Rizky Hidayat,user823@example.com,Semarang,2023-05-02
824,Rizky Kurniawan,user824@example.com,Bandung,2021-06-19
825,Fajar Santoso,user825@example.com,Surabaya,2022-08-22
826,Andi Saputra,user826@example.com,Surabaya,2024-01-07
827,Dewi Putri,user827@example.com,Semarang,2024-03-04
828,Rizky Sari,user828@example.com,Denpasar,2021-08-20
829,Fajar Wijaya,user829@example.com,Yogyakarta,2025-05-07
830,Nina Lestari,user830@example.com,Denpasar,2025-08-12
831,Andi Kurniawan,user831@example.com,Denpasar,2022-03-24
832,Maya Wijaya,user832@example.com,Surabaya,2022-09-02
833,Andi Kurniawan,user833@example.com,Yogyakarta,2022-12-15
834,Budi Kurniawan,user834@example.com,Batam,2025-05-08
835,Rina Pratama,user835@example.com,Palembang,2024-11-12
836,Agus Nugroho,user836@example.com,Makassar,2021-12-06
837,Fajar Putri,user837@example.com,Surabaya,2025-07-25
838,Rina Santoso,user838@example.com,Palembang,2022-12-20
839,Nina Saputra,user839@example.com,Palembang,2024-01-09
840,Siti Lestari,user840@example.com,Yogyakarta,2022-08-16
841,Fajar Saputra,user841@example.com,Denpasar,2024-10-23
842,Budi Putri,user842@example.com,Makassar,2021-05-02
843,Dewi Putri,user843@example.com,Bandung,2022-05-27
844,Siti Lestari,user844@example.com,Surabaya,2025-04-09
845,Maya Kurniawan,user845@example.com,Bandung,2024-03-28
846,Dewi Hidayat,user846@example.com,Makassar,2023-07-15
847,Budi Wijaya,user847@example.com,Makassar,2023-11-22
848,Dewi Lestari,user848@example.com,Semarang,2023-09-27
849,Agus Nugroho,user849@example.com,Jakarta,2025-11-15
850,Budi Kurniawan,user850@example.com,Medan,2025-10-08
851,Budi Sari,user851@example.com,Makassar,2022-03-23
852,Maya Pratama,user852@example.com,Semarang,2022-07-04
853,Agus Saputra,user853@example.com,Medan,2024-01-26
854,Fajar Putri,user854@example.com,Palembang,2025-10-12
855,Rizky Lestari,user855@example.com,Jakarta,2021-04-05
856,Budi Kurniawan,user856@example.com,Jakarta,2021-09-12
857,Siti Kurniawan,user857@example.com,Semarang,2021-01-02
858,Maya Pratama,user858@example.com,Bandung,2024-08-24
859,Dewi Putri,user859@example.com,Yogyakarta,2021-07-11
860,Agus Saputra,user860@example.com,Batam,2023-02-01
861,Siti Santoso,user861@example.com,Makassar,2024-07-05
862,Dewi Pratama,user862@example.com,Makassar,2024-09-04
863,Budi Wijaya,user863@example.com,Jakarta,2022-03-14
864,Rizky Wijaya,user864@example.com,Bandung,2024-04-30
865,Rina Sari,user865@example.com,Semarang,2021-01-20
866,Andi Lestari,user866@example.com,Batam,2025-10-28
867,Maya Putri,user867@example.com,Semarang,2021-05-26
868,Rina Hidayat,user868@example.com,Batam,2025-02-05
869,Budi Wijaya,user869@example.com,Medan,2023-01-23
870,Dewi Putri,user870@example.com,Makassar,2025-05-04
871,Siti Putri,user871@example.com,Batam,2023-12-23
872,Fajar Santoso,user872@example.com,Palembang,2024-08-24
873,Siti Kurniawan,user873@example.com,Medan,2025-01-19
874,Rina Putri,user874@example.com,Makassar,2024-06-15
875,Rizky Pratama,user875@example.com,Batam,2021-07-25
876,Siti Wijaya,user876@example.com,Palembang,2025-02-04
877,Maya Lestari,user877@example.com,Makassar,2022-10-07
878,Siti Pratama,user878@example.com,Yogyakarta,2024-08-13
879,Budi Pratama,user879@example.com,Denpasar,2024-05-15
880,Fajar Nugroho,user880@example.com,Yogyakarta,2025-05-15
881,Andi Saputra,user881@example.com,Surabaya,2023-11-27
882,Fajar Sari,user882@example.com,Surabaya,2025-03-12
883,Maya Saputra,user883@example.com,Jakarta,2025-05-25
884,Rina Kurniawan,user884@example.com,Makassar,2021-08-19
885,Rina Kurniawan,user885@example.com,Palembang,2021-05-26
886,Nina Santoso,user886@example.com,Medan,2022-10-11
887,Siti Hidayat,user887@example.com,Palembang,2023-05-12
888,Agus Sari,user888@example.com,Bandung,2025-04-12
889,Rizky Wijaya,user889@example.com,Jakarta,2024-04-17
890,Budi Santoso,user890@example.com,Yogyakarta,2022-03-18
891,Andi Santoso,user891@example.com,Makassar,2023-11-04
892,Dewi Sari,user892@example.com,Makassar,2023-05-18
893,Maya Wijaya,user893@example.com,Denpasar,2024-01-07
894,Fajar Putri,user894@example.com,Yogyakarta,2021-06-21
895,Dewi Wijaya,user895@example.com,Denpasar,2022-02-21
896,Siti Sari,user896@example.com,Medan,2023-03-12
897,Fajar Wijaya,user897@example.com,Yogyakarta,2024-12-01
898,Maya Pratama,user898@example.com,Jakarta,2022-05-16
899,Budi Hidayat,user899@example.com,Batam,2023-07-18
900,Fajar Nugroho,user900@example.com,Jakarta,2022-09-26
901,Siti Wijaya,user901@example.com,Jakarta,2024-12-20
902,Siti Santoso,user902@example.com,Bandung,2023-10-14
903,Agus Sari,user903@example.com,Denpasar,2025-05-23
904,Dewi Putri,user904@example.com,Medan,2021-09-17
905,Dewi Wijaya,user905@example.com,Jakarta,2022-11-18
906,Maya Saputra,user906@example.com,Denpasar,2021-05-11
907,Dewi Nugroho,user907@example.com,Batam,2023-10-14
908,Rizky Sari,user908@example.com,Medan,2021-04-24
909,Rizky Nugroho,user909@example.com,Bandung,2023-01-24
910,Siti Saputra,user910@example.com,Batam,2024-03-21
911,Budi Pratama,user911@example.com,Denpasar,2021-01-06
912,Andi Santoso,user912@example.com,Surabaya,2021-04-05
913,Rizky Lestari,user913@example.com,Makassar,2021-11-04
914,Siti Santoso,user914@example.com,Denpasar,2025-07-03
915,Maya Pratama,user915@example.com,Medan,2022-05-24
916,Maya Lestari,user916@example.com,Yogyakarta,2025-08-19
917,Budi Nugroho,user917@example.com,Medan,2021-09-02
918,Nina Santoso,user918@example.com,Bandung,2022-04-03
919,Nina Santoso,user919@example.com,Makassar,2021-05-22
920,Rizky Saputra,user920@example.com,Yogyakarta,2022-11-02
921,Budi Sari,user921@example.com,Semarang,2021-01-17
922,Agus Pratama,user922@example.com,Yogyakarta,2024-02-29
923,Dewi Nugroho,user923@example.com,Surabaya,2023-08-09
924,Agus Nugroho,user924@example.com,Semarang,2025-05-02
925,Rina Sari,user925@example.com,Surabaya,2021-11-05
926,Andi Hidayat,user926@example.com,Jakarta,2022-04-23
927,Nina Lestari,user927@example.com,Jakarta,2022-11-18
928,Andi Hidayat,user928@example.com,Yogyakarta,2021-08-01
929,Rina Sari,user929@example.com,Surabaya,2023-05-10
930,Rizky Santoso,user930@example.com,Bandung,2024-12-28
931,Dewi Wijaya,user931@example.com,Jakarta,2022-04-20
932,Nina Hidayat,user932@example.com,Medan,2023-07-28
933,Budi Nugroho,user933@example.com,Batam,2023-11-02
934,Siti Hidayat,user934@example.com,Batam,2024-04-27
935,Fajar Santoso,user935@example.com,Makassar,2024-09-18
936,Siti Pratama,user936@example.com,Yogyakarta,2022-06-19
937,Agus Hidayat,user937@example.com,Medan,2022-10-14
938,Rizky Saputra,user938@example.com,Surabaya,2021-06-02
939,Rina Putri,user939@example.com,Palembang,2021-08-12
940,Siti Wijaya,user940@example.com,Bandung,2023-07-10
941,Rizky Lestari,user941@example.com,Makassar,2021-09-05
942,Nina Lestari,user942@example.com,Surabaya,2023-07-15
943,Dewi Kurniawan,user943@example.com,Yogyakarta,2025-10-12
944,Budi Wijaya,user944@example.com,Bandung,2025-07-12
945,Dewi Nugroho,user945@example.com,Jakarta,2022-03-17
946,Agus Putri,user946@example.com,Batam,2024-12-27
947,Rina Lestari,user947@example.com,Makassar,2023-11-18
948,Andi Saputra,user948@example.com,Yogyakarta,2025-08-07
949,Siti Santoso,user949@example.com,Makassar,2025-10-17
950,Rizky Sari,user950@example.com,Denpasar,2022-05-27
951,Budi Kurniawan,user951@example.com,Batam,2025-07-05
952,Siti Wijaya,user952@example.com,Jakarta,2021-05-07
953,Rina Putri,user953@example.com,Surabaya,2025-08-14
954,Maya Lestari,user954@example.com,Batam,2024-04-07
955,Fajar Saputra,user955@example.com,Batam,2021-02-14
956,Budi Pratama,user956@example.com,Semarang,2025-07-16
957,Siti Wijaya,user957@example.com,Medan,2021-09-08
958,Andi Kurniawan,user958@example.com,Jakarta,2021-12-11
959,Fajar Hidayat,user959@example.com,Makassar,2023-10-14
960,Andi Hidayat,user960@example.com,Makassar,2021-12-20
961,Agus Pratama,user961@example.com,Bandung,2022-07-18
962,Dewi Kurniawan,user962@example.com,Bandung,2021-03-12
963,Fajar Nugroho,user963@example.com,Palembang,2022-05-19
964,Dewi Kurniawan,user964@example.com,Makassar,2024-02-02
965,Rizky Santoso,user965@example.com,Batam,2022-07-27
966,Maya Putri,user966@example.com,Makassar,2022-02-13
967,Nina Pratama,user967@example.com,Denpasar,2025-06-16
968,Andi Hidayat,user968@example.com,Medan,2023-09-10
969,Nina Kurniawan,user969@example.com,Medan,2024-03-04
970,Nina Lestari,user970@example.com,Makassar,2022-07-08
971,Siti Santoso,user971@example.com,Medan,2024-05-07
972,Rina Santoso,user972@example.com,Yogyakarta,2021-04-30
973,Rizky Sari,user973@example.com,Medan,2025-04-20
974,Fajar Pratama,user974@example.com,Bandung,2021-07-25
975,Rina Pratama,user975@example.com,Yogyakarta,2023-12-29
976,Andi Pratama,user976@example.com,Palembang,2025-09-30
977,Maya Lestari,user977@example.com,Bandung,2021-12-27
978,Rina Nugroho,user978@example.com,Medan,2025-07-10
979,Agus Nugroho,user979@example.com,Jakarta,2024-12-11
980,Agus Nugroho,user980@example.com,Palembang,2021-10-19
981,Fajar Pratama,user981@example.com,Semarang,2024-01-16
982,Dewi Putri,user982@example.com,Semarang,2021-03-19
983,Budi Santoso,user983@example.com,Surabaya,2024-05-17
984,Rina Santoso,user984@example.com,Denpasar,2023-09-06
985,Andi Lestari,user985@example.com,Palembang,2022-02-17
986,Siti Lestari,user986@example.com,Bandung,2025-07-02
987,Agus Santoso,user987@example.com,Jakarta,2021-10-30
988,Fajar Putri,user988@example.com,Batam,2025-09-30
989,Nina Lestari,user989@example.com,Batam,2023-02-05
990,Maya Nugroho,user990@example.com,Batam,2022-11-21
991,Dewi Lestari,user991@example.com,Bandung,2021-11-19
992,Maya Kurniawan,user992@example.com,Medan,2021-12-23
993,Nina Nugroho,user993@example.com,Medan,2022-04-03
994,Fajar Putri,user994@example.com,Makassar,2022-09-21
995,Dewi Putri,user995@example.com,Bandung,2025-02-01
996,Andi Nugroho,user996@example.com,Makassar,2025-10-09
997,Fajar Santoso,user997@example.com,Bandung,2024-05-18
998,Agus Nugroho,user998@example.com,Surabaya,2024-08-02
999,Fajar Wijaya,user999@example.com,Semarang,2021-10-16
1000,Agus Wijaya,user1000@example.com,Surabaya,2022-12-12
